jamaat,jamiat,arabic_jamaat
COLOMBO,"FAR EAST",كولمبو
"KUALA LUMPUR","FAR EAST","كوالا لمثثور"
KLANG,"FAR EAST",كلانگ
SYDNEY,"FAR EAST",سيدني
BANGKOK,"FAR EAST","بينكك كوك"
AUCKLAND,"FAR EAST",اوكليند
CHITTAGONG,"FAR EAST",ححيتاككونكك
SINGAPORE,"FAR EAST",سنگاپور
DACCA,"FAR EAST",دهاكا
MELBOURNE,"FAR EAST","ملبورن "
"DENPASAR BALI","FAR EAST",دينثثسار
RANGOON,"FAR EAST",0
ADELAIDE,"FAR EAST",ايديليد
ALORSTAR,"FAR EAST",الورستار
BRISBANE,"FAR EAST",بريسبان
Canberra,"FAR EAST",كانبيرا
"CHENG MAI","FAR EAST",ححينككمائي
"CHIBA (JAPAN)","FAR EAST",ححيبا
Guangzhau,"FAR EAST",ككوانككزو
HONGKONG,"FAR EAST","هونكك كونكك"
JAFFNA,"FAR EAST",جافنا
JAKARTA,"FAR EAST",جكارتا
KHULNA,"FAR EAST",كهلنا
KOBE,"FAR EAST",جاثثان
"KUALA PILAH","FAR EAST","كوالا ثثلاه"
MAKASAR,"FAR EAST",مكاسر
OSAKA,"FAR EAST",OSAKA
PAHANG,"FAR EAST",ثثظظانكك
PALU,"FAR EAST",ثثالو
PENANG,"FAR EAST",ثثينانكك
PERTH,"FAR EAST","ثثرتهـ "
PETCHBURI,"FAR EAST",Petchburi
PHETBURI,"FAR EAST",ثثهتبوري
"Sakura (Nagoya) - Japan","FAR EAST","ناككويا (جاثثان)"
"SUNGAI PETANI","FAR EAST","سوككائي ثثيتاني"
SURBAYA,"FAR EAST",سوربايا
TOKYO,"FAR EAST",طوكيو
XIAMEN,"FAR EAST",زايامين
"Yiwu (China)","FAR EAST",0
"HATEMI MOHALLA (MUMBAI)",MUMBAI,"حاتمي محلة- ممبئي"
"HUSAINI MOHALLA (MUMBAI)",MUMBAI," حسيني محلة (ممبئي)"
"HUSAMI MOHALLA (MUMBAI)",MUMBAI," حسامي محلة (ممبئي)"
"MUFADDAL MOHALLA (MUMBAI)",MUMBAI,"مفضل محلة  (ممبئي)"
"SAIFEE BURHANI PARK TRANSIT- 2",MUMBAI,"سيفي - برهاني محلة (ممبئي) - 2"
"QUTBI MOHALLA (MUMBAI)",MUMBAI," قطبي محلة  (ممبئي)"
"BADRI MOHALLA (MUMBAI)",MUMBAI," بدري محلة  (ممبئي) "
"JAMALI MOHALLA (MUMBAI)",MUMBAI," جمالي محلة (ممبئي)"
"MOHAMMEDI MOHALLA (MUMBAI)",MUMBAI," محمدي محلة (ممبئي)"
"SAIFEE BURHANI PARK TRANSIT- 1",MUMBAI,"سيفي - برهاني محلة (ممبئي) - 1"
"TAIYEBI MOHALLA (MUMBAI)",MUMBAI,"طيبي محلة  (ممبئي)  "
"HASHIMI MOHALLA (MUMBAI)",MUMBAI," هاشمي محلة (ممبئي)"
"TAHERI MOHALLA (MUMBAI)",MUMBAI," طاهري محلة (ممبئي)"
"YUSUFI MOHALLA (MUMBAI)",MUMBAI,"يوسفي محلة  (ممبئي)"
"BURHANI MOHALLA (MUMBAI)",MUMBAI," برهاني محلة (ممبئي)"
"ZAINI MOHALLA (MUMBAI)",MUMBAI,"زيني محلة  (ممبئي)"
"NAJMI MOHALLA (MUMBAI)",MUMBAI," نجمي محلة  (ممبئي)"
"AL-SAADA - (MUMBAI)",MUMBAI,"السعادة  (ممبئي) "
"DAWOODI MOHALLA (MUMBAI)",MUMBAI,"داودي محلة  (ممبئي)"
"SAIFEE, FATEMI MOHALLA (MUMBAI)",MUMBAI,"سيفي،  فاطمي محلة (ممبئي)"
"ZAINI + NAJMI MOHALLA (MUMBAI)",MUMBAI,0
MUMBAI,MUMBAI,ممبئي
"SAUT (YEMEN)",YEMEN,0
BHOPAL,BHOPAL,بهوپال
"BURHANI NAGAR (BHOPAL)",BHOPAL," برهاني نككر (بهوپال)"
SEHORE,BHOPAL,سيهور
JABALPUR,BHOPAL,جبلپور
GUNA,BHOPAL,گونا
SIRONJ,BHOPAL,سيرونج
DELHI,BHOPAL,دهلي
BIAORA,BHOPAL,بياؤره
NARSINGARH,BHOPAL,نرسنككرهـ
VIDISHA,BHOPAL,ويديشا
ASHTA,BHOPAL,اْشته
HOSHANGABAD,BHOPAL,هوشنگاباد
PIPRIYA,BHOPAL,ثثيثثريا
SAGAR,BHOPAL,ساككر
DAMOH,BHOPAL,دموه
LUCKNOW,BHOPAL,لكهنؤ
PANCHMARI,BHOPAL,ثثححمري
AARUN,BHOPAL,"اْرون "
"ASHOK NAGAR",BHOPAL,"اشوك نككر"
BERASIA,BHOPAL,بيراسيا
BINA,BHOPAL,بينا
CHAPARA,BHOPAL,ححهثثارا
CHHINDWARA,BHOPAL,ححهيندواره
GADHARWARA,BHOPAL,ككادهروارٌه
ICHAWAR,BHOPAL,اححهاور
ITARSI,BHOPAL,اضضارسي
JAWAR,BHOPAL,Jawar
KATNI,BHOPAL,Katni
KHILCHIPUR,BHOPAL,كهلححيثثور
KURAWAR,BHOPAL,كُراور
"MANDI BAMORA",BHOPAL,"مندي بموره"
"POLAI KALAN",BHOPAL,"Polai Kalan"
"RAJGARH (BAIORA)",BHOPAL,راجككرٌهـ
SIYAMPUR,BHOPAL,سيامثثور
SUHAGPUR,BHOPAL,سهاككثثور
VIJIPUR,BHOPAL,ويجيثثور
ZIRAPUR,BHOPAL,زيراثثور
"HUSAINI MOHALLA (BHOPAL)",BHOPAL,"حسيني محلة (بهوثثال)"
DOHAD,DOHAD,دوحد
GODHRA,DOHAD,گودهره
"EZZY MOHALLA (DOHAD)",DOHAD,"عزي محلة (دوحد)"
"SAIFEE+BURHANI (DOHAD)",DOHAD,"سيفي، برهاني  (دوحد)"
ALIRAJPUR,DOHAD,"عالي راجپور"
THANDLA,DOHAD,تهاندلا
BHABRA,DOHAD,بهابره
KUSHALGARH,DOHAD,كشلگرٌهـ
"TAYYEBI MOHALLA (GODHRA)",DOHAD,0
JHALOD,DOHAD,جهالود
JOBAT,DOHAD,"   جوبت "
KAWANT,DOHAD,كوانت
DEENGARHBARIA,DOHAD,"دينككرٌهـ  باريا "
DUDHYA,DOHAD,دودهيا
JHABWA,DOHAD,جهابوا
SANJELI,DOHAD,سنجيلي
LIMKHERA,DOHAD," ليمكهيرا"
DUNGRA,DOHAD,"  دونككرا "
AMBA,DOHAD,"   اْمبا "
FATEHPURA,DOHAD,"فتح ثثورا"
GANGARDI,DOHAD,ككانككردي
VARJHAR,DOHAD,"   ورجهر"
PARA,DOHAD,ثثارا
PITOL,DOHAD,ثثيتول
RANAPUR,DOHAD,"  راناثثور"
NANPUR,DOHAD,"   نانثثور "
MEGHNAGAR,DOHAD," ميككهنككر"
ERAL,DOHAD,ايرال
KANDANPUR,DOHAD,كندنثثور
"THANDLA ROAD",DOHAD,"  تهاندلا رودٌ "
KANKARWADI,DOHAD," كانكرواري"
SEHRA,DOHAD,"   سهرا "
BHIKAPUR,DOHAD,"   بهيكاثثور "
CHOKWANA,DOHAD," ححوكوانا "
GARBADA,DOHAD,ككربادا
"TAYYEBI MOH (GODHRA)",DOHAD,"طيبي محلة - ككودهره"
AMBADABERI,DOHAD,"   امبادابيري "
AMRALI,DOHAD,"   امرالي "
BANDIBAR,DOHAD," بانديبار"
BHOLAMAL,DOHAD,"   ثثهولمال "
BODELI,DOHAD,"   بارديلي "
BORI,DOHAD,Bori
CHANDPUR,DOHAD,"   ححاندثثور"
CHHATI,DOHAD,"  ححهاتي "
DEVHUT,DOHAD,"   ديؤهت "
DHARIYA,DOHAD,"  دهاريا "
GHAGHA,DOHAD,"   ككهككها "
HARINAGAR,DOHAD," هري نككر"
JISAWARA,DOHAD,جيساوارا
KADWAL,DOHAD,"   كدوال "
KALYANPUR,DOHAD," كليانثثور"
KHATLIYA,DOHAD," كهاتليا "
KHERA,DOHAD,"   كهيرا "
KOMBA,DOHAD,"  كومبا"
KOTIKHERA,DOHAD,"   كوتيكهيرا "
LIMDI,DOHAD,"  ليمرٌي"
LUNAVADA,DOHAD,لوناواره
MADRANI,DOHAD," مدراني"
MORDI,DOHAD,"   موردي "
PETLAWAD,DOHAD,ثثيتلاود
RAJLA,DOHAD,راجلا
RANDHIKPUR,DOHAD," رندهيكثثور"
RANGPUR,DOHAD,"   رنككثثور "
SAJANGARH,DOHAD," سجن ككرٌهـ"
SANTRAMPUR,DOHAD," سنترامثثور"
SELONA,DOHAD,"   سيلونا "
SELWA,DOHAD,"   سيلوا "
SHIVRAJPUR,DOHAD,"   شيئراجثثور"
SHURWA,DOHAD,"  شوروا "
SODI,DOHAD,"  سودي "
SUKHSAR,DOHAD," سكهسر"
VAAROTH,DOHAD,"   واروتهـ"
VIRPUR,DOHAD,Virpur
WAGHJIPUR,DOHAD,"   واككهجي ثثور "
"SHUJAI BAUG (DOHAD)",DOHAD,"شجاعي محلة (دوحد)"
"QUTBI MOHALLA (DOHAD)",DOHAD,"قطبي محلة - دوحد  "
"EZZY MOHALLA(DOHAD)",DOHAD,"عزي محلة (دوحد)"
INDORE,INDORE,اندور
NOORANINAGAR,INDORE,"نوراني نككر (اندور)"
BARWANI,INDORE,برواني
"MASAKIN SAIFIYAH (INDORE)",INDORE,"مساكن سيفية  (اندور)"
"SAIFEE MOHALLAH (INDORE)",INDORE," سيفي محلة (اندور)"
KHERGONE,INDORE,خيرگون
"HUSAINI MOHALLA (INDORE)",INDORE,"حسيني محلة(اندور)"
"VAJIHI MOHALLA (INDORE)",INDORE,"وجيظظي محلة (اندور)"
"AMMAR NAGAR ( NOORANI NAGAR)",INDORE,0
KUKSHI,INDORE,كوكشي
"HASANJI NAGAR (INDORE)",INDORE,"حسنجي نككر ( اندور)"
"MHOW CAMP",INDORE,"مهو كيمپ"
"SIYAGANJ (INDORE)",INDORE," سياگنج  (اندور)"
DHAR,INDORE,دهار
RAO,INDORE,راؤ
MANDLESHWAR,INDORE,مندليشور
"BADRI MOHALLA (INDORE)",INDORE,0
"HAKIMI MOHALLA (INDORE)",INDORE,"حكيمي محلة -  اندور"
MAHESHWAR,INDORE,محصر
RAJGARH,INDORE,راجككرهـ
BARWAHA,INDORE,برواها
SANAVAD,INDORE,سناود
"MUFADDAL NAGAR (INDORE)",INDORE,"مفضل نككر (اندور)"
SENDHWA,INDORE,"سيندهوا "
BADNAWAR,INDORE,بدناور
MANAWAR,INDORE,مناور
RAJODE,INDORE,راجود
AMJHERA,INDORE,امجهيرا
DAHI,INDORE,دهي
DHARAMPURI,INDORE,دهرمثثوري
KASRAWAD,INDORE,"كسراود "
BETMA,INDORE,بيطمه
"HAIDARY COLONY INDORE",INDORE,"حيدري كولوني- اندور   "
AAMKHOT,INDORE,اْمكهوت
ANJAD,INDORE,​انجار
ANJANBERA,INDORE," انجنبيرا "
BABLI,INDORE," بابلي "
BAGLI,INDORE,باككلي
BAKANER,INDORE," باكنير "
BAKHATGARH,INDORE,"بخت ككرٌهـ"
BARDA,INDORE,بردا
BARLEWA,INDORE,بارليوا
BAUG,INDORE,باغ
BHAGAON,INDORE,"بهاككا ؤطط "
"BHANPURA (MANAWAR)",INDORE," بهانثثورا"
BHAURIA,INDORE,بهؤريا
BORLAI,INDORE," بورلائي "
DAWANA,INDORE,"دووارا "
DEPALPUR,INDORE,ديثثالثثور
DESWALIA,INDORE,"ديس واليا"
DHAMNOD,INDORE,"دهامنود "
DHARAMRAI,INDORE,"دهرم رائي"
DUNGAWA,INDORE,دونككا
GANDHWANI,INDORE," ككندهواني "
GOJRI,INDORE,ككوجري
HATPIPLIYA,INDORE," هاتثثيثثليا "
HILADAR,INDORE,هيلادر
JALWANIA,INDORE,جلوانيه
JODHPUR,INDORE,جودهثثور
KAKARWAS,INDORE,كـكرواس
KALIBAVRII,INDORE,"كالي باؤري "
KALUWANI,INDORE," كالوواني "
KAMLAPUR,INDORE,كملاثثور
KARONI,INDORE," كاروني "
KATABARI,INDORE,كاتاباري
KESOOR,INDORE,كيسور
KESUVI,INDORE,كيسووي
KHALGHAT,INDORE,0
KHATTALI,INDORE,كهتّاَلي
KUHA,INDORE,كؤها
KUMPEEL,INDORE,كمثثيل
LOHARI,INDORE,لوهاري
MANPUR,INDORE,مانثثور
MINDA,INDORE,مندا
NAGALWARI,INDORE,نغلواري
"NARMADA NAGAR",INDORE,نرمدانككر
NASIRPUR,INDORE,نسرثثور
NENODA,INDORE,نينودا
NIVALA,INDORE,"نيوالي "
OJHAR,INDORE,"اوجهر "
OLDA,INDORE," اولدا "
PADIYAL,INDORE,ثثديال
PALASI,INDORE,ثثلاسي
PALSOD,INDORE,"ثثلسود "
PATI,INDORE,"ثثاتي "
RAJPUR,INDORE,"راجثثور "
SANDAR,INDORE," سندر "
SAVER,INDORE,SAVER
SELKUWWA,INDORE,سيلكُوّوا
SELWAD,INDORE,"سيلواد "
SINGHANA,INDORE,سنككهانا
TALANPUR,INDORE,تلنثثور
TALWADI,INDORE,تلوادي
TALWARA,INDORE,تلوارا
TALWARADEEP,INDORE,"تلواراديثث "
TANDA,INDORE,تاندا
THEKRI,INDORE,"تهيكري "
UMARBAN,INDORE," امربند "
VALPUR,INDORE,والثثور
DUBAI,KHALEEJ,دبي
SHARJAH,KHALEEJ,شارقة
MUSCAT,KHALEEJ,مسقط
"ABU DHABI",KHALEEJ,"ابو ظبي"
BAHRAIN,KHALEEJ,بحرين
CAIRO,KHALEEJ,"المعزية القاهرة"
AJMAN,KHALEEJ,عجمان
DOHA,KHALEEJ,دوحا
RASULKHAIMA,KHALEEJ,"رأس الخيمة "
"AL NAJAF UL ASHRAF",KHALEEJ," النجف الاشرف"
ALAIN,KHALEEJ,العين
DAMMAM,KHALEEJ,0
FUJAIRA,KHALEEJ,فجيرة
"HAKIMI MOHALLAH - DUBAI",KHALEEJ,"حكيمي محلة - دبي"
ISTANBUL,KHALEEJ,0
JEDDAH,KHALEEJ,0
JUBAIL,KHALEEJ,0
"KARBALA MOALLA",KHALEEJ,"كربلاء المعلى"
MADINA,KHALEEJ,0
"MAKKAH MUKARRAMA",KHALEEJ,0
"MOHAMMEDI + BURHANI MOHALLA (DUBAI)",KHALEEJ,"محمدي برهاني محلة - دبي"
RIYADH,KHALEEJ,رياض
"SAIFEE + TAHERI MOHALLA (DUBAI)",KHALEEJ,"سيفي طاهري محلة - دبي"
SALALA,KHALEEJ,سلالة
SOHAR,KHALEEJ,سوهار
SURAT,SURAT,سورت
BARODA,SURAT,بروده
"EZZY MOHALLAH (SURAT)",SURAT,0
BHARUCH,SURAT,بهروچ
UDHNA,SURAT,اُدهنا
"VAJIHI MOHALLAH (SURAT)",SURAT,"وجيظظي محلة ( سورت)"
VAPI,SURAT,واپي
"Burhani Centenary Park (BUSTAAN)",SURAT,"برهاني سينضضينري ثثارك(بستان)"
"CHHOTA UDAIPUR",SURAT,"اديثثور صغير"
PARDI,SURAT," ثثاردي"
NAVSARI,SURAT,نؤساري
DAMMAN,SURAT,دمن
ANKLESHWAR,SURAT,انكليشور
ANAND,SURAT,آنند
KHERGAM,SURAT,خيرككام
"MANDVI SAGIR",SURAT,"ماندوي صغير"
BARDOLI,SURAT," باردولي "
KHATALWARA,SURAT,كهضضلوارٌه
AHWA,SURAT,"  اْهوا"
ANKLAV,SURAT," انكلاؤ"
"BADRI MOHALLA (BARODA)",SURAT," بدري محلة  (بروده) "
BILIMORA,SURAT,بليموره
"CHIKHLI (KHERGAM)",SURAT,"ححيكهلي "
DANDI(MAISAHEBA),SURAT,"داندي مزار "
DEVGARH,SURAT," ديؤ ككرٌهـ "
GANDEVI,SURAT,"  ككنديوي "
JOJ,SURAT,جوج
"PADRA ROAD",SURAT," ثثادرارود "
SANJAN,SURAT,سنجان
SAVLI,SURAT,"ساؤلي "
SILWASA,SURAT,سلواسا
SONGARH,SURAT,سونككرهـ
UMBERGAON,SURAT,عنبرككام
"VALSAD (BALSAR)",SURAT,ولساد
VANSDA,SURAT,وانسدا
VIYARA,SURAT," ويارا"
ZANKHAV,SURAT,"زنكهاؤ "
"EZZY- MOHALLAH (SURAT)",SURAT,"عزي محلة  (سورت)"
"MUFADDAL MOHALLA (UDAIPUR)",TAHERABAD,"مفضل محلة - اديثثور"
BANSWARA,TAHERABAD,وانسواره
"MOAYYEDPURA (UDAIPUR)",TAHERABAD,"مؤيدثثوره - اديثثور"
SAGWARA,TAHERABAD,ساگواره
"BADRI MOHALLA (BANSWARA)",TAHERABAD,"بدري محلة – بانسواره"
DUNGARPUR,TAHERABAD,دونگرپور
"MOHAMMEDIYAH (GALIAKOT)",TAHERABAD,"محمدية (ككلياكوضض )"
"EZZY MOHALLAH (UDAIPUR)",TAHERABAD,"عزي محلة (اديثثور)"
NATHDWARA,TAHERABAD,ناتهدواره
BHINDAR,TAHERABAD,بهيندر
SALUMBAR,TAHERABAD,سلومبر
FATEHNAGAR,TAHERABAD,"فتح نككر"
UDAIPUR,TAHERABAD,اديپور
PARSOLA,TAHERABAD,پارسوله
PARTAPUR,TAHERABAD,پرتاپور
AMET,TAHERABAD,اْميضض
"TAHERABAD (GALIAKOT)",TAHERABAD,"طاهراْباد (ككلياكوضض) "
AJMER,TAHERABAD,اجمير
BHILWARA,TAHERABAD,بهيلواره
KANKROLI,TAHERABAD,كانكرولي
KANORE,TAHERABAD,كانور
BAROLIYA,TAHERABAD,باروليا
BHAADSURA,TAHERABAD,بهادسورا
BHUKIYA,TAHERABAD,بهوكيا
DAROLI,TAHERABAD,دارولي
"FATEHAPURA (UDAIPUR)",TAHERABAD,0
JAIPUR,TAHERABAD,جيثثور
KAPASAN,TAHERABAD,كثثاسن
KHERODA,TAHERABAD,كهيروده
AHMEDABAD,AHMEDABAD,احمداْباد
"QUTBI (AHMEDABAD)",AHMEDABAD,"قطبي محلة  (احمداْباد)"
"FAKHRI MOHALLA (AHMEDABAD)",AHMEDABAD,"فخري محلة  - احمداْباد"
SIDHPUR,AHMEDABAD,سيدهپور
KHAMBAT,AHMEDABAD,كهمبات
PISAWADA,AHMEDABAD,پيساورا
"VATWA (AHMEDABAD)",AHMEDABAD,"وضضوا (احمداْباد)"
KAPADWANJ,AHMEDABAD,كثثرونج
KAUKA,AHMEDABAD,كؤكا
"VIRAMGAM (ALIGRAH)",AHMEDABAD,"عليككرٌهـ  ويرمككام"
BHADREWADI,AHMEDABAD,"بهدرسس وارٌي"
BARWALA,AHMEDABAD,0
UMRETH,AHMEDABAD,امريتهـ
"BURHANI PARK AHMEDABAD VATWA",AHMEDABAD,"برهاني ثثارك (احمداْباد وضضوا)"
DHOLKA,AHMEDABAD,دهولقة
VIRDI,AHMEDABAD,ويردي
TOTANA,AHMEDABAD,0
BALASINOR,AHMEDABAD,بالاسنور
PALANPUR,AHMEDABAD,پالنپور
DHANDUKA,AHMEDABAD,دهندوقة
BADGAON,AHMEDABAD,ورككام
DHANERA,AHMEDABAD,دهانيرا
MANDAR,AHMEDABAD,مدار
RADHANPUR,AHMEDABAD,رادهنپور
SHIA,AHMEDABAD,شيا
GANDHINAGAR,AHMEDABAD,ككاندهينگر
DHINOJ,AHMEDABAD,دهينوج
RUGNATHPURA,AHMEDABAD,0
MEHSANA,AHMEDABAD,مهسانه
PETLAD,AHMEDABAD,ثثيتلاد
"SAMI (QURA SAMANIYAH)",AHMEDABAD,"سمي - قرى ثمانية"
THASRA,AHMEDABAD,تهاسرا
ODHA,AHMEDABAD,"اودها "
"GUJARAT PATAN",AHMEDABAD,"ككجرات ثثاطن"
JASUPURA,AHMEDABAD,0
KARI,AHMEDABAD,كري
KHAKHAL,AHMEDABAD,0
VISNAGAR,AHMEDABAD,ويسنككر
HARIJ,AHMEDABAD,0
MOJPUR,AHMEDABAD,موجثثور
DAKOR,AHMEDABAD,داكور
DEESA,AHMEDABAD,"ديسا "
CHANASMA,AHMEDABAD,Chanasma
CHHAPI,AHMEDABAD,ححهاثثي
DHOLERA,AHMEDABAD,0
KHATANA,AHMEDABAD,"كهتانا "
ONDAL,AHMEDABAD,"اوندل "
SELAVI,AHMEDABAD,selavi
VALPURA,AHMEDABAD,والثثوره
WARID,AHMEDABAD,وارد
BURHANPUR,BURHANPUR,برهانثثور
KHANDWA,BURHANPUR,كهندوه
JALGAON,BURHANPUR,جلگام
BHUSAWAL,BURHANPUR,بهوساول
KHAMGAON,BURHANPUR,"كهام گام"
HARDA,BURHANPUR,هرده
MALKAPUR,BURHANPUR,ملكاپور
SHIRPUR,BURHANPUR,شيرثثور
DHARNI,BURHANPUR,دهارني
PACHORA,BURHANPUR,0
AMALNER,BURHANPUR,املنير
SAVDA,BURHANPUR,ساؤده
MUNDI,BURHANPUR,موندي
"BADGAON (MP)",BURHANPUR,ورككام
BHADGAON,BURHANPUR,بهادككاؤطط
BODWED,BURHANPUR,"بود ويد"
BORADI,BURHANPUR,بورادي
CHARIYA,BURHANPUR,ححاريا
CHIKHLI,BURHANPUR,ححيكهلي
CHOPRA,BURHANPUR,0
DHARANGAON,BURHANPUR,0
ERANDOL,BURHANPUR,0
JAMNER,BURHANPUR,جامنير
JAMOD,BURHANPUR,جامود
JIRVAN,BURHANPUR,Jirvan
KANNOD,BURHANPUR,Kannod
KHIRKIYA,BURHANPUR,كهركيا
KUSUMKOT,BURHANPUR,كوسومكوت
MEHKAR,BURHANPUR,مهكر
PANDHANA,BURHANPUR,ثثندهانه
PAROLA,BURHANPUR,0
RUSTAMPUR,BURHANPUR,Rustampur
YAVAL,BURHANPUR,ياول
KOLKATA,CALCUTTA,كلكته
"SAIFEE MASJID (KOLKATA)",CALCUTTA,0
MUBARKAPUR,CALCUTTA,0
PATNA,CALCUTTA,ثثضضنا
CUTTACK,CALCUTTA,كضضك
ASANSOL,CALCUTTA,اْسنسول
BEHRAMPUR,CALCUTTA,بهرامثثوره
BHUBANESHWAR,CALCUTTA,بهوبنيشور
CHAPRA,CALCUTTA,ححهاثثرا
CHAS,CALCUTTA,ححهاس
DURGAPUR,CALCUTTA,درككاثثور
GAWHATI,CALCUTTA,ككوهاضضي
GOPALGANJ,CALCUTTA,"ككوثثال ككنج"
GORAKPUR,CALCUTTA,ككوركهثثور
JAMSHEDPUR,CALCUTTA,جمشيدثثور
JITNI,CALCUTTA,جتني
MUZAFFARPUR,CALCUTTA,مظفرثثور
NAVANAGAR,CALCUTTA,Navanagar
RANCHI,CALCUTTA,رانححي
SITAMARHI,CALCUTTA,سيتامرٌهي
MUMBRA,"MAROL (SAIFEE PARK)",ممبرا
MAROL,"MAROL (SAIFEE PARK)",مرول
NALASOPARA,"MAROL (SAIFEE PARK)",نالاسوپارا
"VASAI ROAD","MAROL (SAIFEE PARK)","وسائي رود"
SANTACRUZ,"MAROL (SAIFEE PARK)",سانتاكروز
"MIRA ROAD","MAROL (SAIFEE PARK)","ميرا رود"
KURLA,"MAROL (SAIFEE PARK)",كرلا
KANDIVALI,"MAROL (SAIFEE PARK)",كانديولي
BANDRA,"MAROL (SAIFEE PARK)",باندره
BHAYANDAR-WEST,"MAROL (SAIFEE PARK)","بهائندر (ويسضض)"
KALYAN,"MAROL (SAIFEE PARK)",كليان
THANE,"MAROL (SAIFEE PARK)",تهانه
"AMAKIN MOHAMMEDIYAH","MAROL (SAIFEE PARK)","اماكن محمدية (دٌومبيولي)"
PANVEL,"MAROL (SAIFEE PARK)",پنويل
VIRAR,"MAROL (SAIFEE PARK)",ويرار
VASHI,"MAROL (SAIFEE PARK)",واشي
GOREGAON,"MAROL (SAIFEE PARK)","ككورسس ككاؤطط"
MALAD,"MAROL (SAIFEE PARK)",ملاد
KHARGHAR,"MAROL (SAIFEE PARK)","كهارككر "
BHAYANDER-EAST,"MAROL (SAIFEE PARK)","بهائندر ( ايسضض)"
VASIND,"MAROL (SAIFEE PARK)",واسند
BHIWANDI,"MAROL (SAIFEE PARK)",بهيوندي
KHAR,"MAROL (SAIFEE PARK)",كهار
VIKHROLI,"MAROL (SAIFEE PARK)",وكرولي
JOGESHWARI,"MAROL (SAIFEE PARK)",جوگيشوري
PALGARH,"MAROL (SAIFEE PARK)",ثثالككهر
KARJAT,"MAROL (SAIFEE PARK)",كرجت
VERSOVA,"MAROL (SAIFEE PARK)",ورسووا
BORIVALI,"MAROL (SAIFEE PARK)",بوريولي
NERAL,"MAROL (SAIFEE PARK)",نيرل
"DHANU ROAD","MAROL (SAIFEE PARK)","دهانو رود"
KHOPOLI,"MAROL (SAIFEE PARK)",كهثثولي
PEN,"MAROL (SAIFEE PARK)",ثثين
SHAHPUR,"MAROL (SAIFEE PARK)",شاهثثور
MATHERAN,"MAROL (SAIFEE PARK)",ماتهيران
"MOHAMMEDI PARK (KARJAT)","MAROL (SAIFEE PARK)","محمدي ثثارك (كرجضض)"
"MALONI COLONY","MAROL (SAIFEE PARK)","مالوني كولوني – ملاد"
"ALI BAGH","MAROL (SAIFEE PARK)","علي باغ"
"ANDHERI MOGRAPADA","MAROL (SAIFEE PARK)","اندهيري موككراثثاره"
BADLAPUR,"MAROL (SAIFEE PARK)",بدلاثثور
BHANDUP,"MAROL (SAIFEE PARK)",بهاندوثث
BOISAR,"MAROL (SAIFEE PARK)",بوئسر
"BURHANI PARK (NERAL)","MAROL (SAIFEE PARK)","برهاني ثثارك (نيرل)"
GHARDI,"MAROL (SAIFEE PARK)",ككهردي
KALAMBOLI,"MAROL (SAIFEE PARK)",كالمبولي
KAUSA,"MAROL (SAIFEE PARK)","كـؤسا (ممبرا)"
"KELWA MAHIM","MAROL (SAIFEE PARK)","كيلوا ماهم"
KHALAPUR,"MAROL (SAIFEE PARK)",خالاثثور
KINHOLI,"MAROL (SAIFEE PARK)",كنهولي
"MALONI (MALAD)","MAROL (SAIFEE PARK)",0
MANOR,"MAROL (SAIFEE PARK)",منور
"MURUD JANJIRA","MAROL (SAIFEE PARK)","مورودٌ جنجيرا"
NAGOTHANA,"MAROL (SAIFEE PARK)",ناككوتهانه
NERUL,"MAROL (SAIFEE PARK)",نيرول
PARELI,"MAROL (SAIFEE PARK)",ثثريلي
ROHA,"MAROL (SAIFEE PARK)",روحا
URAN,"MAROL (SAIFEE PARK)",اورن
"VASAI GAAM","MAROL (SAIFEE PARK)","وسائي ككام"
"FAKHRI MOHALLA (POONA)",POONA,"فخري محلة  (پونه)"
POONA,POONA,پونه
"SAIFEE MOHALLAH (POONA)",POONA,"سيفي محلة  (ثثونھ)"
"MUFADDAL MOHALLA (POONA)",POONA,"مفضل محلة (ثثونھ)"
"FATEMI MOHALLA (POONA)",POONA,"فاطمي محلة (ثثونھ)"
"KALIMI MOHALLA (POONA)",POONA,"كليمي محلة  - (پونھ)"
KASARWADI,POONA,0
"TAIYEBI MOHALLA (POONA)",POONA,"طيبي محلة  (پونه)  "
HADAPSAR,POONA,0
"KHADKI (POONA)",POONA,"كهركي (ثثونھ)"
LONAVALA,POONA,لوناؤلة
BARAMATI,POONA,بارامتي
AHMEDNAGAR,POONA,"احمد نگر"
KOLHAPUR,POONA,كولهاپور
GOA,POONA,ككووا
BARSI,POONA,بارسي
AKLOOJ,POONA,اكلوج
PANCHGANI,POONA,پنچگني
BIJAPUR,POONA,بيجاثثور
SATARA,POONA,سضضارا
FULTON,POONA,فلضضن
LONAND,POONA,لونند
PANDHARPUR,POONA,ثثندهرثثور
BELGAUM,POONA,بيلككام
TALEGAON,POONA,تليككام
KAMSHET,POONA,كامشيت
VADGAM,POONA,ودككام
KHANDALA,POONA,كهنداله
BHEGWAN,POONA,بهيككوان
PAUNA,POONA,ثثؤنا
SHOLAPUR,POONA,شولاثثور
NEEMUCH,RAMPURA,نيمچ
MANDASAUR,RAMPURA,مندسور
PARTABGARH,RAMPURA,پرتابگرٌهـ
KOTAH,RAMPURA,كوطه
SUNEL,RAMPURA,سنيل
"SHEOPUR KALAN",RAMPURA,شوپوركلان
"CHHOTI SADRI (SAGHIR)",RAMPURA,"صادري الصغير"
SUWASRA,RAMPURA,سواسره
"JHALRA PATAN",RAMPURA,"جهالرٌا ثثاطن"
RAMPURA,RAMPURA,رامپوره
"RATANGARH KHERI",RAMPURA,"رتنگرهـ كهيري"
BUNDI,RAMPURA,بوندي
"BARI SADRI",RAMPURA,"صادري كبير"
BHANPURA,RAMPURA,بهانپوره
BARAN,RAMPURA,باران
NIMBAHEDA,RAMPURA,نيمباهيرا
JAWAD,RAMPURA,جاود
CHECHAT,RAMPURA,ححيححت
MANASA,RAMPURA,مناسا
"KOTAH (JUNCTION)",RAMPURA,"كوطه جنكشن"
SITAMAU,RAMPURA,سيتامؤ
KHANPUR,RAMPURA,خانثثور
"BHAWANI MANDI",RAMPURA,"بهواني مندي"
CHITTORGARH,RAMPURA,"ححتور ككرٌهـ "
SHAMGARH,RAMPURA,شامككرهـ
PIPLIYA,RAMPURA,ثثيثثليا
"RAMGANJ MANDI",RAMPURA,"رامككنج مندي"
ANTA,RAMPURA,انضضا
AKLERA,RAMPURA,اكليرا
BEGU,RAMPURA,بيككو
"BURHANI MOHALLA (MANDASAUR)",RAMPURA,"برهاني نككر (مندسور)"
CHABRA,RAMPURA,ححهبرا
CHIPABAROD,RAMPURA,"  ححهيثثابارود"
DHARIYAWAD,RAMPURA,دهرياود
GANGDHAR,RAMPURA,ككنككدهار
GAROTH,RAMPURA,ككروضضهـ
HARNODA,RAMPURA," هرنودا "
JEERAN,RAMPURA,جيرن
JHALAWAR,RAMPURA,"  جهالاور "
"KOTAH JUNCTION",RAMPURA,0
MANORTHANA,RAMPURA,"  منورتهانا"
NAHARGARH,RAMPURA,"نظظارككرهـ "
NARAINGARH,RAMPURA," نارائنككرٌهـ"
"NEEMUCH CITY",RAMPURA,"نيمحح سيضضي"
PACHPAHAR,RAMPURA,PACHPAHAR
PARDA,RAMPURA,ثثردا
SANKOT,RAMPURA,سانكوط
SARTHAL,RAMPURA,"  سارتهل"
CHICAGO,U.S.A.,شيكاككو
HOUSTON,U.S.A.,هيوسضضن
MISSISSAUGA,U.S.A.,ميسيساككا
TORONTO,U.S.A.,تورنتو
"NEW JERSEY",U.S.A.,"نيو جرسي"
DALLAS,U.S.A.,0
"NEW YORK",U.S.A.,نيويارك
"ORANGE COUNTY (CALIFORNIA)",U.S.A.,"اورينج كاؤنتى"
"LOS ANGELES",U.S.A.,"لوس انجليز"
DETROIT,U.S.A.,"ديضض رائت"
FREMONT,U.S.A.,"فريمونضض (سانفرانسـسكو)"
"SAN JOSE (CALIFORNIA)",U.S.A.," سين هوزسس"
BOSTON,U.S.A.,بوسضضن
CALGARY,U.S.A.,كيلككيري
"WASHINGTON D.C.",U.S.A.,"واشنككتن ديسي"
SEATTLE,U.S.A.,سياضضل
ATLANTA,U.S.A.,اتلانتا
VANCOVER,U.S.A.,وينكوور
VIRGINIA,U.S.A.,ورجينيا
TAMPA,U.S.A.,ضضامثثا
"EDMONTON (CANADA)",U.S.A.,ايدمنتن
"SAN DIEGO",U.S.A.,"سين دياككو"
MINNEAPOLIS,U.S.A.,مينياثثولس
OTTAWA,U.S.A.,0
PHILADELPHIA,U.S.A.,فيلاديلفيا
"SAN ANTONIO",U.S.A.,"سين اينتونيو"
MONTREAL,U.S.A.,0
COLOMBUS,U.S.A.,كولمبس
ALBANY,U.S.A.,الباني
AUSTIN,U.S.A.,اوستين
BAKERSFIELD,U.S.A.,"بيكرس فيلد"
CHARLOTTE,U.S.A.,شارلوت
"CLARK COUNTY, NEVADA",U.S.A.,"Clark County, Nevada"
CLEVELAND,U.S.A.,"كليو ليند"
COLUMBIA,U.S.A.,كولمبيا
CONNECTICUT,U.S.A.,connecticut
DANVEILLE,U.S.A.,Danveille
"JERSEY CITY",U.S.A.,"جرسي سيضضي"
"KANSAS, MO",U.S.A.,"كانساس مو"
KENTUCKY,U.S.A.,Kentucky
LATHROP,U.S.A.,Lathrop
MIAMI,U.S.A.,ميامي
"MILWAUKEE, WI",U.S.A.,ميلووكي
"NASHVILLE, TN",U.S.A.,"ناشفيل تن"
"NORTH CHICAGO",U.S.A.,"نورتهـ  ويست (شيكاككو)"
ORLANDO,U.S.A.,اورليندو
PHEONIX,U.S.A.,فينكس
PITTSBURGH,U.S.A.,ثثيتسبركك
"PLANO, TX",U.S.A.,ثثلانو
POCONOS,U.S.A.,ثثوكونوس
PORTLAND,U.S.A.,"ثثورضض ليندٌ"
RALEIGH,U.S.A.,رالسس
"RED DEER",U.S.A.,"ريد دير"
SACRAMENTO,U.S.A.,سيكريمنتو
"SAN FRANCISCO DOWNTOWN",U.S.A.,"San Francisco Downtown"
"SOUTH JERSEY",U.S.A.,"ساؤتهـ جرسي"
SPARTANBURG,U.S.A.,سثثارتنبركك
"ST. LOUIS, MO",U.S.A.,"ST. Louis MO"
"TUCSON, AZ",U.S.A.,توسون
WINDSOR,U.S.A.,"وندسر "
WISCONSIN,U.S.A.,Wisconsin
"WOODLAND, TX",U.S.A.,"ودليند - هيوستن"
UJJAIN,UJJAIN,اُجين
RATLAM,UJJAIN,رتلام
DEWAS,UJJAIN,ديواس
JAORA,UJJAIN,جاؤره
SHAJAPUR,UJJAIN,شاهجاپور
KHACHRAUD,UJJAIN,كهاچرود
BARNAGAR,UJJAIN,برنگر
SARANGPUR,UJJAIN,سارنگپور
SAILANA,UJJAIN,سيلانه
ALOTE,UJJAIN," اْلوضض"
TARANA,UJJAIN,ترانا
NALKHERA,UJJAIN,نلكهيرا
GAUTAMPURA,UJJAIN,ككوتمثثوره
MAHEDPUR,UJJAIN,مهدثثور
"IBRAHIM MOH (UJJAIN)",UJJAIN,"ابراهيم محلة - اجين"
AGAR,UJJAIN,آككر
AKODIA,UJJAIN,آكوديا
ANGURIA,UJJAIN,اككوريا
BALERI,UJJAIN,بليري
BAROD,UJJAIN,برود
BARODIA,UJJAIN,باروديا
BHANURASA,UJJAIN,"بهنو راسا"
"BURHANI MOHALLA (RATLAM)",UJJAIN,"رتلام – برهاني محلة"
CHOBARA,UJJAIN,ححوباره
"HAKIMI MOHALLA (UJJAIN)",UJJAIN,"حكيمي محلة -  اجين"
"KALIMI MOHALLA (RATLAM)",UJJAIN,"كليمي كولوني - رتلام"
KALISINGH,UJJAIN,"كالي سنككهـ"
MAKSI,UJJAIN,"مكسي "
NAGDA,UJJAIN,ناككدا
"NAJMI MOHALLA (RATLAM)",UJJAIN,"نجمي محلة (رتلام)"
"SAIFEE MOHALLAH (UJJAIN)",UJJAIN," سيفي محلة (اجين)"
SHIVGARH,UJJAIN,"شيؤ ككرٌهـ"
SHUJALPUR,UJJAIN,شجالثثور
SONKUTCH,UJJAIN,سونكححهـ
SUSNER,UJJAIN,سُسنير
TAAL,UJJAIN,تال
DARESSALAAM,"EAST AFRICA",دارالسلام
MOMBASA,"EAST AFRICA",ممباسا
NAIROBI,"EAST AFRICA",نيروبي
TANGA,"EAST AFRICA"," تهانككه"
ARUSHA,"EAST AFRICA",اروشا
MALINDI,"EAST AFRICA",ملندي
ZANZIBAR,"EAST AFRICA",زنجبار
MOROGORO,"EAST AFRICA",موروككورو
ELDORET,"EAST AFRICA",ايلدوريضض
"ADDIS ABABA","EAST AFRICA","ادي سبابا"
NAKURU,"EAST AFRICA",نكورو
MOSHI,"EAST AFRICA",موشي
MUWANZA,"EAST AFRICA",موانزا
JIMMA,"EAST AFRICA","جما "
"KINSHASHA, CONGO","EAST AFRICA",0
MARIAKANI,"EAST AFRICA",مارياكاني
KITUI,"EAST AFRICA",كيتوئي
KISUMU,"EAST AFRICA",كيسومو
BOTSWANA,"EAST AFRICA",Botswana
DURBAN,"EAST AFRICA","دربن (ساتهـ  افريقة)"
ENTEBEE,"EAST AFRICA",Entebee
"GABORONE (BOSTSWANA)","EAST AFRICA","ككيبرون (بوتسوانا)"
IRINGA,"EAST AFRICA",ارينككا
KAMPALA,"EAST AFRICA",كمثثالا
KOROGWE,"EAST AFRICA",كوروككوسس
LAMU,"EAST AFRICA",لامو
"LUBUMBASHI, CONGO","EAST AFRICA",0
"LUSAKA (ZAMBIA)","EAST AFRICA","لوساكا (زامبيا)"
RABAI,"EAST AFRICA",ربائي
"WELKOM ( SOUTH AFRICA )","EAST AFRICA","Welkom ( south Africa )"
TANANARIVE,"INDIAN OCEAN",تناناريو
REUNION,"INDIAN OCEAN","ري يونين"
MAJUNGA,"INDIAN OCEAN",مجونگا
TAMATAVE,"INDIAN OCEAN",طماطاؤ
"DEIGO SUAREZ","INDIAN OCEAN",ديگوز
TULEAR,"INDIAN OCEAN",تليار
NOSSIBE,"INDIAN OCEAN",نوصيبسس
MAYOTE,"INDIAN OCEAN",مايوضض
"FORT DAUPIN","INDIAN OCEAN",فوردوفين
AMBANJA,"INDIAN OCEAN",امبانجا
SAMBAVA,"INDIAN OCEAN",سمباوا
MORONI,"INDIAN OCEAN",موروني
MARUNCHET,"INDIAN OCEAN",0
MAURITIUS,"INDIAN OCEAN",موريشيس
AMBILOBE,"INDIAN OCEAN","اْمبي لوبي"
ANJOUAN,"INDIAN OCEAN",اْنجوا
IHOSY,"INDIAN OCEAN",اهوسي
MARVAI,"INDIAN OCEAN",MARVAI
METRAN,"INDIAN OCEAN",ميضضران
MORONDAVA,"INDIAN OCEAN",مورونداوا
ONJWA,"INDIAN OCEAN",Onjwa
"PORT BERGER","INDIAN OCEAN","PORT BERGER"
VOHEMAR,"INDIAN OCEAN","ووهيمار "
JAMNAGAR,JAMNAGAR,جامنگر
RAJKOT,JAMNAGAR,راجكوضض
"QUTBI MOHALLAH (RAJKOT)",JAMNAGAR," قطبي محلة  (راجكوضض)"
LIMBDI,JAMNAGAR,ليمرٌي
MORBI,RAJKOT,موربي
"MAHUVA BUNDAR",JAMNAGAR,"مهوه بندر"
JASDAN,JAMNAGAR,جسدن
SURENDRANAGAR,JAMNAGAR,سريندرنگر
AMRELI,JAMNAGAR,امريلي
JUNAGADH,JAMNAGAR,جوناككدٌهـ
DHORAJI,JAMNAGAR,دهوراجي
GONDAL,JAMNAGAR,ككوندل
PORBUNDAR,JAMNAGAR,پوربندر
KALAWAD,JAMNAGAR,كالاوار
"WADHWAN CITY",JAMNAGAR,"ودهوان سيتي"
BAGASRA,JAMNAGAR,بگسره
PALITANA,JAMNAGAR,پاليطانـه
BHUJ,JAMNAGAR,بهج
"KUTCH MANDVI",JAMNAGAR,"كچهـ ماندوي"
WAKANER,JAMNAGAR,وانكانير
GARIYADHAR,JAMNAGAR,ككاريادهر
JETPUR,JAMNAGAR,جيضضثثور
VISAWADAR,JAMNAGAR,ويساودر
RAJULA,JAMNAGAR,راجوله
BOTAD,JAMNAGAR,بوضضاد
DHARI,JAMNAGAR,دهاري
MUNDRA,JAMNAGAR,موندرا
CHALALA,JAMNAGAR,ححلالة
BABRA,JAMNAGAR,بابرا
DAMNAGAR,JAMNAGAR,0
LATHI,JAMNAGAR,لاضضهي
UPLETA,JAMNAGAR,اُثثليتا
BHAVNAGAR,JAMNAGAR,بهاؤنگر
RANPUR,JAMNAGAR,رانثثور
GHOGHA,JAMNAGAR,ككهوككها
LAKHTAR,JAMNAGAR,لكهتر
MITHAPUR,JAMNAGAR,ميضضهاثثور
AAMRAN,JAMNAGAR,اْمرن
ANJAR,JAMNAGAR,​انجار
ATKOT,JAMNAGAR,ATKOT
BHANWAD,JAMNAGAR,"بهانواد "
CHITAL,BHAVNAGAR,ححيتل
CHONTILA,JAMNAGAR,ححونضضيلا
CHOWK,JAMNAGAR,"ححوك "
CHURA,JAMNAGAR,ححورٌا
DEDAN,JAMNAGAR,ديدان
DHRANGADHRA,JAMNAGAR,دهرانگدهرا
DHROL,JAMNAGAR,دهرول
DUNGAR,JAMNAGAR,دونككر
GADHAKRA,JAMNAGAR,ككادهكرا
GANDHIDHAM,JAMNAGAR,ككاندهيدهام
HALWAD,JAMNAGAR,هلود
HANOL,JAMNAGAR,"هنول "
"HATEMI MOHALLA (RAJKOT)",JAMNAGAR,"حاتمي محلة  (راجكوضض)"
JESAR,JAMNAGAR,جيسر
JODIA,JAMNAGAR,جوريا
KHAMBALIA,JAMNAGAR,كهمباليه
"KOTRA PITHA",JAMNAGAR,"كوترا ثثيضضها"
"KOTRA SANGANI",JAMNAGAR,"كوترا سانككاني"
KUTYANA,JAMNAGAR,كتيانـه
KUWARWA,JAMNAGAR,كواروا
LILYA,JAMNAGAR,ليليا
MAJEVADI,JAMNAGAR,Majevadi
MENDARDA,JAMNAGAR,ميندردا
MULI,JAMNAGAR,"مولي "
NALYA,JAMNAGAR,نليا
PALIYAD,JAMNAGAR,Paliyad
PARDHARI,JAMNAGAR,ثثردهري
RAJAPARA,JAMNAGAR,راجاثثاره
SAILA,JAMNAGAR,سائيلا
SALAYA,JAMNAGAR,Salaya
SAPER,JAMNAGAR,ساثثير
SARA,JAMNAGAR,"Sara "
SARDHAR,JAMNAGAR,سردهار
SAVARKUNDLA,JAMNAGAR,ساوركندلا
"SEHORE (GUJ)",JAMNAGAR,سيهور
"SHAPUR (GUJ)",JAMNAGAR,"Shapur (Guj)"
SHIVRAJGARH,JAMNAGAR,"شيوراج ككرٌهـ"
SITAPUR,JAMNAGAR,"Sitapur "
"TAHERI MOHALLA (JAMNAGAR)",JAMNAGAR,"طاهري محلة (جامنگر)"
TALAJA,JAMNAGAR,تلاجا
TANKARA,JAMNAGAR,تنكارا
THANGAD,JAMNAGAR,تهانككدٌهـ
UNA,JAMNAGAR,اُونا
"VAJIHI MOHALLA (RAJKOT)",JAMNAGAR,"وجيظظي محلة - راجكوضض"
VALABHIPUR,JAMNAGAR,ولبهبيثثور
VANTHLI,JAMNAGAR,ونتهلي
VERAWAL,JAMNAGAR,ويراول
VICHIYA,JAMNAGAR,ويـححهيا
"ZAKAVI COLONY (JAMNAGAR)",JAMNAGAR,"زكوي كولوني (جامنككر)"
"ZAKAVI MOHALLAH (RAJKOT)",JAMNAGAR,"زكوي محلة - راجكوضض"
KUWAIT,KUWAIT,كويت
"KHAITAN (KUWAIT)",KUWAIT," طاهري محلة (كويت)"
"HAWALLI (KUWAIT)",KUWAIT,"حكيمي محلة – حولّي (كويت)"
"FAHAHIL (KUWAIT)",KUWAIT,"فحاحيل  (كويت)"
"ABRAQ KHAITAIN (KUWAIT)",KUWAIT,"سيفي محلة - ابرق خيطان  (كويت)"
"ABBASIYA (KUWAIT)",KUWAIT,"عزي محلة (كويت)"
"MIRQAB - KUWAIT",KUWAIT,"برهاني محلة (كويت)"
"JAHRA (KUWAIT)",KUWAIT,0
"MOHAMMEDI MOHALLA (KUWAIT)",KUWAIT,"محمدي محلة (كويت)"
MADRAS,MADRAS,مدراس
BANGALORE,MADRAS,بينگلور
SECUNDERABAD,MADRAS,سكندراْباد
"MOHAMMEDI MOHALLA (MADRAS)",MADRAS,"محمدي محلة (مدراس)"
COIMBATORE,MADRAS,كوئمبتور
"SAIFEE NAGAR (BANGALORE)",MADRAS,"سيفي نككر (بينگلور)"
HYDERABAD,MADRAS,حيدراْباد
"HUSAINI ALAM (HYDERABAD)",MADRAS,"حيدراْباد حسيني علم"
"VAJIHI MOHALLA (BANGALORE)",MADRAS,"وجيظظي محلة (بينككلور)"
"DAWOODI MOHALLAH (MADRAS)",MADRAS,"داودي محلة ( مدراس)"
VISHAKHAPATNAM,MADRAS,ويشاكهاثثتنم
COCHIN,MADRAS,كوچين
CALICUT,MADRAS,كليكت
ERODE,MADRAS,ايرود
SELAM,MADRAS,سيلم
KURNOOL,MADRAS,كرنول
ALLEPPY,MADRAS,الثثائي
"ANDAMAN NICOBAR",MADRAS,"andaman nicobar"
CANNANORE,MADRAS,كانانور
HOSAR,MADRAS,هوسر
HUBLI,MADRAS,هبلي
KAKINADA,MADRAS,"كاكينادا "
MANGALORE,MADRAS,مينككلور
MYSORE,MADRAS,ميسور
PONDICHERRY,MADRAS,ثثونديـححري
"PORT BLAIR",MADRAS,"Port Blair"
QUILON,MADRAS,كوئيلون
TRICHNAPALLI,MADRAS,ترححناثثلي
TRIPUR,MADRAS,تريثثور
TRIVANDRUM,MADRAS,تريوندرم
NAGPUR,NAGPUR,ناگپور
RAIPUR,NAGPUR,رائثثور
"SAIFEE MOHALLAH (NAGPUR)",NAGPUR,"سيفي محلة   (ناككثثور)"
AMRAVATI,NAGPUR,امراؤتي
BILASPUR,NAGPUR,بلاسپور
AKOLA,NAGPUR,اْكوله
CHANDRAPUR,NAGPUR,0
YAVATMAL,NAGPUR,ايوتمحل
BETUL,NAGPUR,بيتول
SEONI,NAGPUR,سيؤني
RAJNANDGAON,NAGPUR,راجنندككام
WARDHA,NAGPUR,وردها
ARVI,NAGPUR,اْروي
MANINDRAGARH,NAGPUR,منيندرككرهـ
DHAMTARI,NAGPUR,دهمتري
PULGAON,NAGPUR,ثثلككاؤطط
"CHANDOOR BAZAAR",NAGPUR,"ححاندور بزار"
TAKHATPUR,NAGPUR,تختثثور
SAMBALPUR,NAGPUR,سنبـهلثثور
ACHALPUR,NAGPUR,اححلثثور
AKOT,NAGPUR,اْكوت
AMBIKAPUR,NAGPUR,"امبيكا ثثور"
AMLA,NAGPUR,آمله
ANUPPUR,NAGPUR,"انوثث ثثور"
BALAGHAT,NAGPUR,بالاككهاضض
BALHARSHA,NAGPUR,بلهارشاه
BASIM,NAGPUR,باسم
BEKUNDPUR,NAGPUR,بيكندثثور
BHATAPARA,NAGPUR,بهاضضاثثاره
"BHILAI NAGAR",NAGPUR,"بهيلائي نككر"
BHINDARA,NAGPUR,بهندارا
BORHAR,NAGPUR,برهار
CHAMPA,NAGPUR,ححانثثا
CHANDHWARA,NAGPUR,ححندهوارا
"CHANDOOR STATION",NAGPUR,"ححاندور اسضضيشن"
CHIPARA,NAGPUR,ححهيثثارا
DARVA,NAGPUR,0
DHAMANGAON,NAGPUR,دهمنككاؤطط
DONGARGAON,NAGPUR,DONGARGAON
DURG,NAGPUR,دركك
GONDIA,NAGPUR,ككونديا
HINGINGHAT,NAGPUR,هنككنككهاضض
JETHARI,NAGPUR,جيتهاري
KATOL,NAGPUR,كاتول
KOTMA,NAGPUR,كوتما
MAHASAMUN,NAGPUR,"مها سمون"
MULTAI,NAGPUR,ملتائي
MUNGELI,NAGPUR,مونككيلي
MURTAZAPUR,NAGPUR,"مرتضى ثثور"
PARATWARA,NAGPUR,"ثثرت وارٌه"
PATANGAM,NAGPUR,ثثاتنككام
PITHORA,NAGPUR,ثثيتهورا
POSAD,NAGPUR,0
RAIGARH,NAGPUR,رائيككرهـ
RAJIM,NAGPUR,راجم
RALEGAON,NAGPUR,0
ROURKELA,NAGPUR,روركيلا
SHADOL,NAGPUR,شهدول
VARORA,NAGPUR,وروره
NASIK,NASIK,ناسك
AURANGABAD,NASIK,اورنگاباد
SHAHADA,NASIK,شاهده
DHULIA,NASIK,دهوليا
RANALA,NASIK,رناله
"DEOLALI CAMP",NASIK,ديؤلالي
NANDURBAR,NASIK,نندربار
MANMAD,NASIK,منمارٌ
MALEGAON,NASIK,ماليگام
SANGAMNER,NASIK,سنككمنير
TALODA,NASIK,تلودا
PANSEMAL,NASIK,ثثانسيمل
NAMPUR,NASIK,"نام ثثور"
PETHAN,NASIK,ثثيضضهن
Hingoli,NASIK,هنككولي
PARKASHA,NASIK,ثثركاشا
SATANA,NASIK,سضضانا
KHETIA,NASIK,كهيتيا
PIMPALNER,NASIK,ثثمثثلنير
GHOTI,NASIK,ككهوتي
YEOLA,NASIK,ايؤله
JALNA,NASIK,جالنا
SANDKHERA,NASIK,"سند كهيرا"
KANNAD,NASIK,كنّاد
PARBHANI,NASIK,ثثربهاني
DAHIWELL,NASIK,دهيويل
NANDED,NASIK,نانديد
SONGIR,NASIK,سونككير
NARDANA,NASIK,نردانه
BEAD,NASIK,بيدٌ
DONGAM,NASIK,دونككام
KALMOH,NASIK,كلموه
NIZAMPUR,NASIK,نظامثثور
CHALISGAON,NASIK,ححاليسككام
JEORAI,NASIK,جيؤرائي
KORID,NASIK,كوريد
RAKESHBHAVAN,NASIK,راكيشبهون
SAAMODA,NASIK,ساموده
SAKRI,NASIK,ساكري
SANNER,NASIK,سننير
DONDAICHA,NASIK,دوندائيححه
"JAMALI PARK (AURANGABAD)",NASIK,"جمالي  ثثارك  (اورنگاباد)"
"NASIK (ZAINEE MOHALLA)",NASIK,0
LONDON,U.K.,لندن
PARIS,U.K.,پيرس
MANCHESTER,U.K.,مانـححسضضر
LEICESTER,U.K.,ليستر
MARSEILLE,U.K.,مارسائي
CROYDON,U.K.,كرويدن
BIRMINGHAM,U.K.,برمنگهام
BRADFORD,U.K.,بريدفورد
"EAST - LONDON",U.K.," ايسضض - لندن"
NOTTINGHAM,U.K.,نوتنككهام
FRANKFURT,U.K.,"فرينك فورضض"
DUBLIN,U.K.,دبلن
"Milton Keynes",U.K.,"ميلتن كينز"
JONKOPING,U.K.,جونكوثثينكك
"MONDAL (SWEDEN)",U.K.,موندال
MARIESTAD,U.K.,ميريستاد
Toulon,U.K.,تولون
BERLIN,U.K.,Berlin
ROTTERDAM,U.K.,روترديم
OSLO,U.K.,اوسلو
STRASBOURG,U.K.,ستراسبركك
BELGIUM,U.K.,Belgium
"OSLO NORWAY",U.K.,"اوسلو (نوروسس)"
Lisbon,U.K.,لسبن
ITALY,U.K.,Italy
Toulouse,U.K.,تولوس
COPENHAGEN,U.K.,"كوثثين هيككن"
ANGERS,U.K.,انككرز
ANTWERP,U.K.,انتورثث
CARDIFF,U.K.,كارديف
GERMANY,U.K.,جرمني
GRENOBLE,U.K.,"ككري نوبل"
HOLLAND,U.K.,هوليند
LIMOGES,U.K.,ليموككـز
NANTES,U.K.,نانتيس
SWITZERLAND,U.K.,سويتزرليند
"TENERIFE (SPAIN)",U.K.,تينيريف(سثثين)
TILBURG,U.K.,تلبركك
Zurich,U.K.,زورحح
GLASGOW,U.K.,ككلاسككو
MERIGNAC,U.K.,"ميريكك نيك"
PORTUGAL,U.K.,ثثورححوككل
SPAIN,U.K.,سثثين
"KHI (AL-MAHALAT-TUL-BURHANIYAH)",PAKISTAN,"المحلة البرهانية (كراچي)"
KARACHI,PAKISTAN,0
"KHI (SALEH MOHALLA)",PAKISTAN," صالح محلة (كراچي)"
"KHI (AL-MAHALAT-TUL-MOHAMMEDIYAH)",PAKISTAN," المحلة المحمدية (كراچي)"
"KHI (ADAM MOHALLA)",PAKISTAN," اْدم محلة (كراچي)"
"KARACHI (YUSUFI MOHALLA)",PAKISTAN,"كراچي (يوسفي محلة)"
"KHI (HASANI MOHALLA)",PAKISTAN," حسني محلة (كراچي)"
"KHI (BURHANI MOHALLA)",PAKISTAN," برهاني محلة (كراچي)"
"KHI (BURHANI BAUGH)",PAKISTAN,"برهاني باغ  (كراچي)"
"KHI (ESSA MOHALLA)",PAKISTAN," عيسىْ محلة  (كراچي)"
"KHI (MOHAMMEDI MOHALLA)",PAKISTAN," محمدي محلة (كراچي)"
"KHI (IBRAHIM MOHALLAH)",PAKISTAN," ابراهيم  محلة (كراچي)"
"KHI (AL-MAHALLATUL-FAKHRIYAH)",PAKISTAN,"المحلة الفخرية (كراچي)"
"HYDERABAD SIND",PAKISTAN,"حيدراْباد سند"
RAWALPINDI,PAKISTAN,راولثثندي
"KHI (HUSAINI MOHALLA DEFENCE)",PAKISTAN,0
"KHI (SAIFEE MOHALLA)",PAKISTAN,"سيفي محلة (كراچي)"
"BADRI MOHALLA (HYDERABAD SIND)",PAKISTAN,"بدري محلة  - حيدراْباد سند"
"KHI (JAMALI MOHALLA) MAHALAT BURHANIYAH",PAKISTAN,"جمالي محلة  (كراچي)"
LAHORE,PAKISTAN,لاهور
"KHI (QUTBI MOHALLA)",PAKISTAN,"قطبي محلة (كراچي)"
"KHI (EZZY MOHALLA)",PAKISTAN,"عزي محلة (كراچي)"
MULTAN,PAKISTAN,ملتان
ABOTTABAD,PAKISTAN,ايبطاباد
QUETTA,PAKISTAN,كوئطه
"TAHERI MOHALLA KHI",PAKISTAN,"طاهري محلة -كراححي"
PESHAWAR,PAKISTAN,پيشاور
SIALKOT,PAKISTAN,SIALKOT
"KHI (YUSUFI MOHALLA)",PAKISTAN,0
"KHI (TAHERI MOHALLA)",PAKISTAN,0
"LAGOS (NIGERIA)","EAST AFRICA","LAGOS (NIGERIA)"
"KARACHI JAMEA",PAKISTAN,0
"MAROL JAMEA","MAROL (SAIFEE PARK)","Marol Jamea"
"NAIROBI JAMEA","EAST AFRICA","Nairobi Jamea"
"SURAT JAMEA",SURAT,"Surat Jamea"
"SAIFEE MOHALLA (MUMBAI)",MUMBAI,"روضة طاهرة  – ممبئي "
ABERDEEN,,Aberdeen
"AKAMA TUS SAEEDAH (YEMEN)",,0
"AL ASHA",,0
"AMALSAR ",," املسار "
"AMMAR NAGAR (NOORANI NAGAR)",,"عمار نككر  (اندورنوراني نككر)"
AMSTERDAM,,Amsterdam
ANANDPURA,,"اْنند ثثوره"
ANTWERPEN,,Antwerpen
ATTARAH,,0
"BABUS SALAAM",,0
"BADRI MOHALLA (DOHAD)",,"بدري محلة  (دوحد)"
BAGALKOT,,"bagalkot "
"BAIT UL BARIQAH",,0
"BAMANIA ",,بامنيا
"BANDARAWELA ",,بندرويلا
"BANI SAIFY SUFLA",,0
"BANKHERI ",,"بنكهيري "
"BARMANDAL ",,بارمندل
BARRIE,,بيري
BARUPHATAK,,باروثثاتهك
"BARWANIA ",,بروانيا
"BHAMGARH ",,"بهامككرٌهـ "
"BHESOLA ",,"بهيسولا "
"BHILAD ",,بهيلاد
BRUSSEL,,Brussel
BUHAIT,,0
"BURHANI MOHALLA (MADRAS)",,"برهاني محلة   (مدراس )"
"BURHANI MOHALLA (UDAIPUR)",,"برهاني نككر  (اديثثور)"
"CHANDRAPUR ",,ححاندا
"CHOMEHLA ",,ححومحلا
"DAG ",,دكك
DAHAR,,0
"DAR US SHARAF",,0
"DEN HAAG",,"Den Haag"
DENMAL,,"دينمال "
"DHANDHALPUR ",,دهاندهلثثور
"DHARSEKRA ",,دهارسيكرا
"DUSSELDORF - COLOGNE ",,"Dusseldorf - Cologne "
EDINBURGH,,Edinburgh
"EDLABAD ",,ادلاباد
EINDHOVEN,,Eindhoven
"EL PASO",,الپاسو
"EMADI MOHALLA (SANAA)",,0
ERAIS,,0
FAISALABAD,,"فيسلا باد"
"FAIZPUR ",,"فيض ثثور"
"FAKHRI MOHALLA (YEMEN)",,0
"FATEMI MOHALLA (YEMEN)",,0
"GANJ BASUDA ",,"ككنج باسوده "
"GUJARAT PATAN ",,0
"HAMBURG ",,"Hamburg "
"HARIJ ",,"هريج "
HAZZAH,,0
HOWZAN,,0
"HUSAMI MOHALLA (BARODA)",,0
"JAMALI + ZAINEE MOHALLA (DUBAI)",,"جمالي  زيني محلة - دبي"
"JOHANNESBURG (SOUTH AFRICA)",,"جوهانيسبركك (ساؤتهـ  افريقة)"
KAAHIL,,0
"KAIRASRA ",,كئيراسرا
"KASARWADI ",,"كاسرواري (ثثونـه)"
"KHARIA ROAD ",,"كهريا رود"
KHEDA,,Kheda
"KHERABAD ",," كهيراباد "
"KHI (HUSAINI MOHALLA (DEFENCE)",," حسيني محلة (كراچي)"
"KHUJNERA ",,"كهجنيرا "
"KODENAR ",Bhavnagar,"كودينار "
"KOKAVA ",,"كوكاوا "
"KORBA ",,كوربا
"KUKRESHWAR ",,كوكريشور
"LAHJ - SHAWKAH",,0
"LONI ",,لوني
LUWERU,,لويرو
"Lyon ",,0
"MAGRABAT BANI AHLAS",,0
"MAMURA,QISHBA,DHARMA",,0
"MANDI BAMORAH ",,"ماندي با موره"
"MANGAULI ",,منككاؤلي
"MARKHAM ",,"ماركهم (ستو فويل)"
"MAVLI ",,"ماؤلي "
MIDDLEBURG,,Middleburg
"MITODA ",,ميتودا
"MOHAMMADI MOHALLA (NAGPUR)",,"محمدي محلة (ناككثثور)"
"MOHAMMEDI MOH (MADRAS)",,"محمدي محلة - مدراس"
"MOHAMMEDI MOHALLA (SANAA) - YEMEN",,0
"MOTA DADVA",,"موتا دادوا"
MUBARAKPUR,,مباركثثور
"MUFADDAL MOHALLA (NASIK)",,"مفضل محلة (ناسك)"
"MUNICH ",,"Munich "
"NADIAD ",Ahmedabad,ندياد
"NAMLI ",,ناملي
"NAMPULA (MOZAMBIQUE)",,-
"NIAGARH ",,نياككرٌهـ
"PACHOR ",,"ثثححور "
"PACHORA ",,ثثاححورا
"PAVI JETPUR ",,"ثثاوي جيتثثور"
"PHELI ",,"ثثهِلي "
"PIPALRAWAN ",,"ثثيثثلراون "
"PIPLODA ",,"PIPLODA "
PONTINAK,,ثثونتياناك
QIRAYAAT,,0
"RAISEN ",,رائيسن
"RAJJAH - ASHYAB",,0
"RAOTI ",,راؤتي
"RAVER ",,راوير
"RAWALBHATA ",,"راوت بهاتا "
"SAIFEE BURHANI PARK TRANSIT 3 ",,"سيفي - برهاني محلة (ممبئي) - 3"
"SAIFEE MOHALLA NAIROBI",," سيفي محلة (نيروبي)"
"SAIFEE MOHALLAH (KOLKATA)",," سيفي محلة (كلكته)"
"SALDI ",,سالدي
"SANJET ",,"سنجيت "
"SARASIYA ",,"سرسيا "
SARRAH,,0
"SARSAI ",,سرسائي
"SEVALIYA ",,سيواليا
"SHAARE 45 BAIT ALHAMMASI ",,0
SHAKARYA,,0
"SHEHABI MOHALLA (SURAT)",,"شظظابي  كولوني (سورت)"
STUTTGART,,Stuttgart
SUDARSHAN,Ahmedabad,0
SUDBURY,,سدبري
"SULGAON ",,"سلككاؤطط "
SUNDERGARH,,-
"TAIYEBI MOHALLA (YEMEN)",,0
"UDAIGARH KANAS ",,"   اديككرٌهـ كناس"
"UMM AL QUWAIN",,"أم القيوين"
UTRECT,,Utrect
VOORSCHOUTEN,,Voorschouten
ZAYYAH,,0
